<?xml version="1.0" encoding="utf-8"?>

<ModMetaData>
	<name>Proper Meals: I Am Hungry</name>
	<author>Trunken</author>
	<supportedVersions>
		<li>1.0</li>
	</supportedVersions>
	<description>
&lt;b&gt;&lt;color=#a4e94a&gt;Yummy!&lt;/color&gt;&lt;/b&gt;

Adds a Stove to cook with the Bakery 
Adds a Fireplace to cook (lasting &amp; warm)
Adds 10 Recipes with different taste
Adds 2 different kind of plants

Supports RimCuisine, Gloomy Furniture &amp; Extra Kitchen!
Works together with VGP, Rimstro and Thanks For All The Fish!

Compatibility:
- Rimstro (Cooking Places)
- Gloomy Furniture (Cooking Places)
- Gloomy Extra Kitchen (Cooking Places)
- Thanks For All The Fish (Salmon, Shrimps)
- VGP Vegetable Garden (Ingredients Wheat/Flour)
- VGP Garden Gourmet
- RimCuisine (Ingredients Wheat/Flour)
- Real World Food
- Dianne's Food
- Seeds Please

&lt;b&gt;Artists&lt;/b&gt;
Food * by Evaine
Meals + Millstone * by Trunken
Bakery * by Semo
Wheat * by Crustypeanut

Included Patches are interactive and react to user decisions. Mods will only be combined, when found. Just load I Am Hungry after your other Food Mods to let it do its work.
	</description>
</ModMetaData>

