<?xml version="1.0" encoding="utf-8" ?>
<Defs>
<!-- Baguette, Bread -->
  <HediffDef>
    <defName>Trunken_hediff_Bread</defName>
    <label>Saturated</label>
    <defaultLabelColor>(0.7,0.25,0.85)</defaultLabelColor>
    <hediffClass>HediffWithComps</hediffClass>
    <scenarioCanAdd>true</scenarioCanAdd>
    <maxSeverity>1</maxSeverity>
	<initialSeverity>1</initialSeverity>
    <isBad>false</isBad>
    <comps>
      <li Class="HediffCompProperties_SeverityPerDay">
        <severityPerDay>-2.0</severityPerDay>
      </li>
    </comps>
      <stages>
        <li>
          <label>Food</label>
          <hungerRateFactor>.75</hungerRateFactor>
          <restFallFactor>1.25</restFallFactor>
        </li>
      </stages>
  </HediffDef>
<!-- Cheese -->
  <HediffDef>
    <defName>Trunken_hediff_Cheese</defName>
    <label>Saturated</label>
    <defaultLabelColor>(0.7,0.25,0.85)</defaultLabelColor>
    <hediffClass>HediffWithComps</hediffClass>
    <scenarioCanAdd>true</scenarioCanAdd>
    <maxSeverity>1</maxSeverity>
	<initialSeverity>1</initialSeverity>
    <isBad>false</isBad>
    <comps>
      <li Class="HediffCompProperties_SeverityPerDay">
        <severityPerDay>-4.0</severityPerDay>
      </li>
    </comps>
      <stages>
        <li>
          <label>Food</label>
          <hungerRateFactor>.75</hungerRateFactor>
          <restFallFactor>1.25</restFallFactor>
        </li>
      </stages>
  </HediffDef>
<!-- Baked Goods --> 
  <HediffDef>
	<defName>Trunken_hediff_Baked</defName>
	<label>Inner strength</label>
  	<defaultLabelColor>(0, 0.75, 0.05)</defaultLabelColor>
    <hediffClass>HediffWithComps</hediffClass>
    <scenarioCanAdd>true</scenarioCanAdd>
    <maxSeverity>1</maxSeverity>
	<initialSeverity>1</initialSeverity>
    <isBad>false</isBad>
    <comps>
      <li Class="HediffCompProperties_SeverityPerDay">
        <severityPerDay>-1.0</severityPerDay>
      </li>
    </comps>
    <stages>
        <li>
          <minSeverity>0</minSeverity>
          <label>Food</label>
          <painFactor>0.9</painFactor>
            <capMods>
              <li>
                <capacity>Moving</capacity>
                <offset>0.1</offset>
              </li>
              <li>
                <capacity>Eating</capacity>
                <offset>-0.1</offset>
              </li>
            </capMods>
        </li>
      </stages>
  </HediffDef>
<!-- Grilled Shrimp + Knuckle -->
  <HediffDef>
	<defName>Trunken_hediff_Grilled</defName>
	<label>Inner calm</label>
  	<defaultLabelColor>(0, 0.75, 0.05)</defaultLabelColor>
    <hediffClass>HediffWithComps</hediffClass>
    <scenarioCanAdd>true</scenarioCanAdd>
    <maxSeverity>1</maxSeverity>
	<initialSeverity>1</initialSeverity>
    <isBad>false</isBad>
    <comps>
      <li Class="HediffCompProperties_SeverityPerDay">
        <severityPerDay>-1.0</severityPerDay>
      </li>
    </comps>
    <stages>
        <li>
          <minSeverity>0</minSeverity>
          <label>Food</label>
          <painFactor>0.9</painFactor>
            <capMods>
              <li>
                <capacity>Consciousness</capacity>
                <offset>0.1</offset>
              </li>
              <li>
                <capacity>Metabolism</capacity>
                <offset>0.2</offset>
              </li>
              <li>
                <capacity>Talking</capacity>
                <offset>0.1</offset>
              </li>
              <li>
                <capacity>Hearing</capacity>
                <offset>0.3</offset>
              </li>
            </capMods>
        </li>
      </stages>
  </HediffDef>
<!-- Haunch -->
 <HediffDef>
	<defName>Trunken_hediff_Haunch</defName>
	<label>Inner Berserk</label>
    <maxSeverity>1</maxSeverity>
	<initialSeverity>1</initialSeverity>
  	<defaultLabelColor>(0, 0.75, 0.05)</defaultLabelColor>
    <hediffClass>HediffWithComps</hediffClass>
    <isBad>false</isBad>
    <comps>
      <li Class="HediffCompProperties_SeverityPerDay">
        <severityPerDay>-4.0</severityPerDay>
      </li>
    </comps>
    <stages>
        <li>
          <minSeverity>0</minSeverity>
          <label>Food</label>
            <capMods>
              <li>
                <capacity>Moving</capacity>
                <offset>0.2</offset>
              </li>
              <li>
                <capacity>Consciousness</capacity>
                <offset>0.2</offset>
              </li>
              <li>
                <capacity>BloodPumping</capacity>
                <offset>0.3</offset>
              </li>
            </capMods>
        </li>
      </stages>
  </HediffDef>
<!-- Salmon -->
 <HediffDef>
	<defName>Trunken_hediff_Seabreeze</defName>
	<label>One with the nature</label>
    <maxSeverity>1</maxSeverity>
	<initialSeverity>1</initialSeverity>
  	<defaultLabelColor>(0, 0.75, 0.05)</defaultLabelColor>
    <hediffClass>HediffWithComps</hediffClass>
    <isBad>false</isBad>
    <comps>
      <li Class="HediffCompProperties_SeverityPerDay">
        <severityPerDay>-1.0</severityPerDay>
      </li>
    </comps>
    <stages>
        <li>
          <minSeverity>0</minSeverity>
          <label>Food</label>
            <capMods>
              <li>
                <capacity>Consciousness</capacity>
                <offset>0.2</offset>
              </li>
              <li>
                <capacity>Metabolism</capacity>
                <offset>0.1</offset>
              </li>
              <li>
                <capacity>BloodFiltration</capacity>
                <offset>0.3</offset>
              </li>
            </capMods>
        </li>
      </stages>
  </HediffDef>
<!-- Steak -->
 <HediffDef>
	<defName>Trunken_hediff_PowerUp</defName>
	<label>Power up</label>
    <maxSeverity>1</maxSeverity>
	<initialSeverity>1</initialSeverity>
  	<defaultLabelColor>(0.1, 0.6, 0.1)</defaultLabelColor>
    <hediffClass>HediffWithComps</hediffClass>
    <isBad>false</isBad>
    <comps>
      <li Class="HediffCompProperties_SeverityPerDay">
        <severityPerDay>-2.0</severityPerDay>
      </li>
    </comps>
    <stages>
        <li>
          <minSeverity>0</minSeverity>
          <label>Food</label>
            <capMods>
              <li>
                <capacity>Moving</capacity>
                <offset>0.2</offset>
              </li>
              <li>
                <capacity>Consciousness</capacity>
                <offset>0.3</offset>
              </li>
              <li>
                <capacity>Metabolism</capacity>
                <offset>0.1</offset>
              </li>
            </capMods>
        </li>
      </stages>
  </HediffDef>

</Defs>