<?xml version="1.0" encoding="UTF-8"?>
<Patch>
  
  <!-- Mod Support Thanks For All The Fish -->
  <Operation Class="PatchOperationFindMod">
	<mods>
		<li>[1.0] Thanks For All The Fish</li>
	</mods>
	<match Class="PatchOperationSequence">
		<success>Always</success>
		<operations>
			<li Class="PatchOperationReplace">
				<xpath>/Defs/RecipeDef[defName="ProperMeal_CookShrimp"]/ingredients/li/filter/thingDefs</xpath>
				<value>
					<thingDefs>
						<li>DeadFish</li>
					</thingDefs>
				</value>
			</li>
			<li Class="PatchOperationReplace">
				<xpath>/Defs/RecipeDef[defName="ProperMeal_CookShrimp"]/fixedIngredientFilter/categories</xpath>
				<value>
					<categories>
						<li>CorpsesFish</li>
					</categories>
				</value>
			</li>
			<li Class="PatchOperationReplace">
				<xpath>/Defs/RecipeDef[defName="ProperMeal_CookShrimp"]/ingredients/li/filter/thingDefs</xpath>
				<value>
					<categories>
						<li>CorpsesFish</li>
					</categories>
				</value>
			</li>
		</operations>
	</match>
  </Operation>

  <Operation Class="PatchOperationFindMod">
	<mods>
		<li>[1.0] Thanks For All The Fish</li>
	</mods>
	<match Class="PatchOperationSequence">
		<success>Always</success>
		<operations>
			<li Class="PatchOperationReplace">
				<xpath>/Defs/RecipeDef[defName="ProperMeal_CookSalmon"]/ingredients/li/filter/thingDefs</xpath>
				<value>
					<thingDefs>
						<li>DeadFish</li>
					</thingDefs>
				</value>
			</li>
			<li Class="PatchOperationReplace">
				<xpath>/Defs/RecipeDef[defName="ProperMeal_CookSalmon"]/fixedIngredientFilter/categories</xpath>
				<value>
					<categories>
						<li>CorpsesFish</li>
					</categories>
				</value>
			</li>
			<li Class="PatchOperationReplace">
				<xpath>/Defs/RecipeDef[defName="ProperMeal_CookSalmon"]/ingredients/li/filter/thingDefs</xpath>
				<value>
					<categories>
						<li>CorpsesFish</li>
					</categories>
				</value>
			</li>
		</operations>
	</match>
  </Operation>

  <!-- Mod Support for Gloomy Furniture -->
  <Operation Class="PatchOperationFindMod">
	<mods>
		<li>GloomyFurniture</li>
	</mods>
	<match Class="PatchOperationSequence">
		<success>Always</success>
		<operations>
			<li Class="PatchOperationConditional">
			<xpath>/Defs/ThingDef[defName="Bakery"]/comps/li[@Class="CompProperties_AffectedByFacilities"]</xpath>
				<nomatch Class="PatchOperationAdd">
				<xpath>*/ThingDef[defName="Bakery"]/comps</xpath>
					<value>
							<li Class="CompProperties_AffectedByFacilities">
								<linkableFacilities>
									<li>GL_Cupboard</li>
									<li>GL_TablewareShelf</li>
								</linkableFacilities>
							</li>
					</value>
				</nomatch>
				<match Class="PatchOperationAdd">
				<xpath>*/ThingDef[defName="Bakery"]/comps/li[@Class="CompProperties_AffectedByFacilities"]/linkableFacilities</xpath>
					<value>
						<li>GL_Cupboard</li>
						<li>GL_TablewareShelf</li>
					</value>
				</match>	
			</li>
		</operations>
	</match>
  </Operation>

  <!-- Gloomy Furniture Cooking Places -->
  <Operation Class="PatchOperationFindMod">
	<mods>
		<li>GloomyFurniture</li>
	</mods>
	<match Class="PatchOperationSequence">
		<success>Always</success>
		<operations>
			<li Class="PatchOperationAdd">
				<xpath>/Defs/RecipeDef[defName="CookMealComplete" or defName="CookMealExquisite" or defName="LunchPack_MealSurvival" or defName="ProperMeal_CookCheese" or defName="ProperMeal_Knuckle" or defName="ProperMeal_Haunch" or defName="ProperMeal_Steak" or defName="ProperMeal_CookShrimp" or defName="ProperMeal_CookSalmon"]/recipeUsers</xpath>
				<value>
						<li>RGK_FueledStove</li>
				</value>
			</li>
			<li Class="PatchOperationAdd">
				<xpath>/Defs/RecipeDef[defName="CookMealComplete" or defName="CookMealExquisite" or defName="LunchPack_MealSurvival" or defName="ProperMeal_CookCheese" or defName="ProperMeal_Knuckle" or defName="ProperMeal_Haunch" or defName="ProperMeal_Steak" or defName="ProperMeal_CookShrimp" or defName="ProperMeal_CookSalmon"]/recipeUsers</xpath>
				<value>
					<categories>
						<li>GL_ElectricStove</li>
					</categories>
				</value>
			</li>
			<li Class="PatchOperationAdd">
				<xpath>/Defs/RecipeDef[defName="ProperMeal_CookCheese" or defName="ProperMeal_Knuckle" or defName="ProperMeal_Haunch" or defName="ProperMeal_CookShrimp" or defName="ProperMeal_CookSalmon"]/recipeUsers</xpath>
				<value>
					<categories>
						<li>GL_Bonfire</li>
					</categories>
				</value>
			</li>
		</operations>
	</match>
  </Operation>

  <!-- Mod Support for Gloomy Extra Kitchen -->
  <Operation Class="PatchOperationFindMod">
	<mods>
		<li>Gloomy Extra - Kitchen</li>
	</mods>
	<match Class="PatchOperationSequence">
		<success>Always</success>
		<operations>
			<li Class="PatchOperationConditional">
			<xpath>/Defs/ThingDef[defName="Bakery"]/comps/li[@Class="CompProperties_AffectedByFacilities"]</xpath>
				<nomatch Class="PatchOperationAdd">
				<xpath>*/ThingDef[defName="Bakery"]/comps</xpath>
					<value>
							<li Class="CompProperties_AffectedByFacilities">
								<linkableFacilities>
									<li>SM_Sink</li>
									<li>SM_KitchenCupboard_A</li>
									<li>SM_KitchenCupboard_B</li>
									<li>SM_KitchenCupboard_C</li>
								</linkableFacilities>
							</li>
					</value>
				</nomatch>
				<match Class="PatchOperationAdd">
				<xpath>*/ThingDef[defName="Bakery"]/comps/li[@Class="CompProperties_AffectedByFacilities"]/linkableFacilities</xpath>
					<value>
							<li>SM_Sink</li>
							<li>SM_KitchenCupboard_A</li>
							<li>SM_KitchenCupboard_B</li>
							<li>SM_KitchenCupboard_C</li>
					</value>
				</match>	
			</li>
		</operations>
	</match>
  </Operation>

</Patch>