<?xml version="1.0" encoding="utf-8" ?>
<Defs>
  <!-- Persistent -->
  <ThingDef ParentName="BuildingBase">
    <defName>Trunken_Campfire</defName>
    <label>Stormfire</label>
    <thingClass>Building_WorkTable</thingClass>
    <description>Cooks meals and produces heat on a lasting flame. Burns not so quickly out due to its stony ring.</description>
    <category>Building</category>
    <graphicData>
      <texPath>Things/Building/StormfireOut</texPath>
      <graphicClass>Graphic_Single</graphicClass>
      <drawRotated>false</drawRotated>
      <allowFlip>false</allowFlip>
      <damageData>
        <rect>(0.2,0,0.6,0.1)</rect>
      </damageData>
    </graphicData>
    <uiIconPath>Things/Building/Stormfire</uiIconPath>
    <altitudeLayer>Building</altitudeLayer>
    <passability>PassThroughOnly</passability>
    <pathCost>50</pathCost>
    <constructEffect>ConstructDirt</constructEffect>
    <tickerType>Normal</tickerType>
    <drawerType>RealtimeOnly</drawerType>
    <fillPercent>0.20</fillPercent>
    <statBases>
	  <Beauty>2</Beauty>
      <MaxHitPoints>120</MaxHitPoints>
      <WorkToBuild>300</WorkToBuild>
      <Flammability>0</Flammability>
      <WorkTableWorkSpeedFactor>0.5</WorkTableWorkSpeedFactor>
    </statBases>
    <selectable>true</selectable>
    <costList>
	  <BlocksGranite>1</BlocksGranite> <!-- StoneChunks -->
      <WoodLog>20</WoodLog>
    </costList>
    <soundImpactDefault>BulletImpact_Ground</soundImpactDefault>
    <leaveResourcesWhenKilled>false</leaveResourcesWhenKilled>
    <resourcesFractionWhenDeconstructed>0</resourcesFractionWhenDeconstructed>
    <placeWorkers>
      <li>PlaceWorker_Heater</li>
    </placeWorkers>
    <drawPlaceWorkersWhileSelected>true</drawPlaceWorkersWhileSelected>
    <comps>
      <li Class="CompProperties_Refuelable">
        <fuelConsumptionRate>5.0</fuelConsumptionRate>
        <fuelCapacity>30.0</fuelCapacity>
        <fuelConsumptionPerTickInRain>0.0006</fuelConsumptionPerTickInRain>
        <fuelFilter>
          <thingDefs>
            <li>WoodLog</li>
         </thingDefs>
        </fuelFilter>
        <initialFuelPercent>1</initialFuelPercent>
      </li>
      <li Class="CompProperties_Glower">
        <glowRadius>11</glowRadius>
        <glowColor>(252,187,113,0)</glowColor>
      </li>
      <li Class="CompProperties_HeatPusher">
        <heatPerSecond>21</heatPerSecond>
        <heatPushMaxTemperature>28</heatPushMaxTemperature>
      </li>
      <li Class="CompProperties_FireOverlay">
		<offset>(0, 0, 0.1)</offset>
        <fireSize>1.1</fireSize>
      </li>
      <li>
        <compClass>CompGatherSpot</compClass>
      </li>
    </comps>
    <designationCategory>Temperature</designationCategory>
    <hasInteractionCell>True</hasInteractionCell>
    <interactionCellOffset>(0,0,-1)</interactionCellOffset>
    <recipes>
	  <!-- RECIPES -->
	  <li>ProperMeal_Knuckle</li><!-- Patch Other, Remove ThingDef maybe completly -->
	  <li>ProperMeal_Haunch</li>
	  <li>ProperMeal_CookShrimp</li>
	  <li>ProperMeal_CookSalmon</li>
      <li>CookMealSimple</li>
      <li>Make_Pemmican</li>
      <li>Make_PsychiteTea</li>
      <li>BurnApparel</li>
      <li>BurnDrugs</li>
    </recipes>
    <inspectorTabs>
      <li>ITab_Bills</li>
    </inspectorTabs>
    <building>
      <isMealSource>true</isMealSource>
      <spawnedConceptLearnOpportunity>BillsTab</spawnedConceptLearnOpportunity>
    </building>
    <constructionSkillPrerequisite>3</constructionSkillPrerequisite>
  </ThingDef>

</Defs>