﻿<?xml version="1.0" encoding="utf-8" ?>
<Defs>

	<!-- Crusty Bread, Baked Goods ### AteProperMeal -->
	<ThoughtDef>
		<defName>AteProperMeal_Strength</defName>
		<showBubble>true</showBubble>
		<icon>Things/Mote/Thoughtsymbol_StrongArm</icon>
		<durationDays>1.5</durationDays>
		<stackLimit>3</stackLimit>
		<stages>
			<li>
				<label>Ate crusty bread</label>
				<description>Had some crunchy, selfmade bread between my teeth.</description>
				<baseMoodEffect>3</baseMoodEffect>
			</li>
		</stages>
	</ThoughtDef>
	<!-- Perfect Meat, Haunch, Knuckle ### AteProperMeal -->
	<ThoughtDef>
		<defName>AteProperMeal_Perfect</defName>
		<showBubble>true</showBubble>
		<icon>Things/Mote/Thoughtsymbol_Yummy</icon>
		<durationDays>0.5</durationDays>
		<stackLimit>1</stackLimit>
		<stages>
			<li>
				<label>Ate perfect meat</label>
				<description>Had some tender meat, exactly on point.</description>
				<baseMoodEffect>5</baseMoodEffect>
			</li>
		</stages>
	</ThoughtDef>
	<!-- Seafood Fish, Salmon, Giant Shrimp ### AteProperMeal -->
	<ThoughtDef>
		<defName>AteProperMeal_Seafood</defName>
		<showBubble>true</showBubble>
		<icon>Things/Mote/Thoughtsymbol_Yummy</icon>
		<durationDays>0.5</durationDays>
		<stackLimit>1</stackLimit>
		<stages>
			<li>
				<label>Ate rare seafood</label>
				<description>That was exotic and delicious!</description>
				<baseMoodEffect>10</baseMoodEffect>
			</li>
		</stages>
	</ThoughtDef>
	<!-- Luxus Steak, Golden Cheese ### AteProperMeal -->
	<ThoughtDef>
		<defName>AteProperMeal_Luxus</defName>
		<showBubble>true</showBubble>
		<icon>Things/Mote/Thoughtsymbol_StrongArm</icon>
		<durationDays>0.5</durationDays>
		<stackLimit>1</stackLimit>
		<stages>
			<li>
				<label>Yummy</label>
				<description>Yummy! What a luxurious meal.</description>
				<baseMoodEffect>15</baseMoodEffect>
			</li>
		</stages>
	</ThoughtDef>

</Defs>