<?xml version="1.0" encoding="utf-8"?>

<ModMetaData>
	<name>I Am Hungry</name>
	<author>Trunken</author>
	<supportedVersions>
		<li>1.0</li>
	</supportedVersions>
	<description>
&lt;b&gt;&lt;color=#a4e94a&gt;Yummy!&lt;/color&gt;&lt;/b&gt;

Proper Meals:
Adds a Stove to cook with the Bakery 
Adds a Fireplace to cook (lasting &amp; warm)
Adds 11 Recipes with different taste/effect
Adds 2 different kind of plants

Works Hand in Hand with Thanks For All The Fish (Recommended)
Supports: RimCuisine, Gloomy Furniture &amp; Extra Kitchen!
Full compatible with RealWorldFood, Rimstro and VGP!


Compatibility &amp; Loadorder:
- Vanilla (Core Only)
- Thanks For All The Fish (Salmon, Shrimps)*
- Rimstro (Cooking Places)
- Gloomy Furniture (Cooking Places, Linkables)*
- Gloomy Extra Kitchen (Linkables)*
- VGP Vegetable Garden (Ingredients Wheat/Flour)
- VGP Garden Gourmet
- RimCuisine (Ingredients Wheat/Flour)
- Real World Food
- Dianne's Food and Newmilk
- Seeds Please (upcoming Patch)
- Proper Meals: I Am Hungry
- Savegames

&lt;b&gt;Artists&lt;/b&gt;
8(!) Food Textures * by Evaine
Wheat &amp; Flour * by Crustypeanut (Thx)
The Bakery * by Semo

Included Patches are interactive and react to user decisions. Mods will only be combined, when found. Just load I Am Hungry after your other Food Mods to let it do its work.
	</description>
</ModMetaData>

